ID,Type,UGS,"GTIN, UPC, EAN ou ISBN",Nom,Publié,"Mis en avant ?","Visibilité dans le catalogue","Description courte",Description,"Date de début de promo","Date de fin de promo","État de la TVA","Classe de TVA","En stock ?",Stock,"Montant de stock faible","Autoriser les commandes de produits en rupture ?","Vendre individuellement ?","Poids (kg)","Longueur (cm)","Largeur (cm)","Hauteur (cm)","Autoriser les avis clients ?","Note de commande","Tarif promo","Tarif régulier",Catégories,Étiquettes,"Classe d’expédition",Images,"Limite de téléchargement","Jours d’expiration du téléchargement",Parent,"Groupes de produits","Produits suggérés","Ventes croisées","URL externe","Libellé du bouton",Position,"WooGallery Variation Images",Marques,Appliquer_tampon_adjacent,Disponibilité,Coût_bloc,Période_tampon,Mode_affichage_calendrier,Annuler_unité_limite,Annuler_limite,Vérifier_bloc_début_uniquement,Coût,Disponibilité_date_défaut,Afficher_coût,Type_durée,Unité_durée,Durée,Activer_sélecteur_plage,Heure_premier_bloc,A_multiplicateur_coût_personne,A_multiplicateur_qté_personne,A_types_personnes,A_personnes,A_ressources,A_jours_limités,Unité_date_max,Valeur_date_max,Durée_max,Personnes_max,Unité_date_min,Valeur_date_min,Durée_min,Personnes_min,Types_personne,Tarification,Qté,Nécessite_confirmation,Nom_ressource,Coûts_base_ressource,Coûts_bloc_ressource,ID_ressource,Affectation_ressources,Jours_limités,Utilisateur_peut_annuler,"Nom de l’attribut 1","Valeur(s) de l’attribut 1","Attribut 1 visible","Attribut 1 global"
406,booking,,,"L-Acoustics A15 Wide",1,0,visible,"<strong>Haut-parleur 2 voies passif, 15''</strong>Niveau de pression acoustique maximal : 141 dBBande passante : 42 Hz- 20 kHzTransducteurs LF : 1 x 15 »HF : 1 x 3 »Poids 33 kg / 73 lbLocation sur demande ou via nos <a style=""text-decoration: underline !important;"" href=""https://vsonus.ch/prestation/sonorisation-l-acoustics/"">packs sonorisation</a>",,,,taxable,,1,,,0,0,,,,,0,,,,Sonorisation,,,"https://vsonus.ch/wp-content/uploads/2025/02/l-acoustics-a15-wide-scaled.png, https://vsonus.ch/wp-content/uploads/2025/02/2.jpg, https://vsonus.ch/wp-content/uploads/2025/02/4.jpg, https://vsonus.ch/wp-content/uploads/2025/02/3.jpg",,,,,,,,,0,,,0,,0,1,always_visible,day,5,0,0,available,100.02,customer,day,1,1,,0,0,1,1,0,,month,12,5,8,day,1,1,1,"[{""block_cost"":""100"",""cost"":0,""description"":"""",""max"":""8"",""min"":""1"",""name"":""Quantit\u00e9"",""parent_id"":406,""sort_order"":0}]",,8,0,,,,,customer,,0,,,,
432,booking,,,"L-Acoustics A15 Focus",1,0,visible,"<strong>Haut-parleur 2 voies passif, 15""</strong>Niveau de pression acoustique maximal : 144 dBBande passante : 41 Hz- 20 KHzTransducteurs LF : 1 x 15HF : 1 x 3Poids 35 kg / 77 lbDirectivité H : 70° / 90° / 110°V : 10°Location sur demande ou via nos <a style=""text-decoration: underline !important;"" href=""https://vsonus.ch/prestation/sonorisation-l-acoustics/"">packs sonorisation</a>",,,,taxable,,1,,,0,0,,,,,0,,,,Sonorisation,,,"https://vsonus.ch/wp-content/uploads/2025/02/Design-sans-titre-1.png, https://vsonus.ch/wp-content/uploads/2025/02/2-1.jpg, https://vsonus.ch/wp-content/uploads/2025/02/3-1.jpg",,,,,,,,,1,,,0,,0,1,always_visible,day,5,0,0,available,100,customer,day,1,1,,0,0,1,1,0,,month,12,5,4,day,1,1,1,"[{""block_cost"":""100"",""cost"":0,""description"":"""",""max"":""4"",""min"":""1"",""name"":""Quantit\u00e9"",""parent_id"":432,""sort_order"":0}]",,4,0,,,,,automatic,,0,,,,
438,booking,,,"L-Acoustics KS21",1,0,visible,"<strong>Caisson de basse haute puissance, 21""</strong>Niveau de pression acoustique maximal : 138 dBLimite de basse fréquence : 29 HzTransducteurs LF : 1 x 21Poids 49 kg / 108 lbDirectivité standard ou cardioïdeLocation sur demande ou via nos <a style=""text-decoration: underline !important;"" href=""https://vsonus.ch/prestation/sonorisation-l-acoustics/"">packs sonorisation</a>",,,,taxable,,1,,,0,0,,,,,0,,,,Sonorisation,,,"https://vsonus.ch/wp-content/uploads/2025/02/1-2.jpg, https://vsonus.ch/wp-content/uploads/2025/02/2-2.jpg, https://vsonus.ch/wp-content/uploads/2025/02/3-2.jpg",,,,,,,,,2,,,0,,0,0,always_visible,day,5,0,0,available,85,customer,day,1,1,,0,0,1,1,0,,month,12,5,6,day,1,1,1,"[{""block_cost"":""85"",""cost"":0,""description"":"""",""max"":""6"",""min"":""1"",""name"":""Quantit\u00e9"",""parent_id"":438,""sort_order"":0}]",,6,0,,,,,customer,,0,,,,
443,booking,,,"L-Acoustics LA4X",1,0,visible,"<strong>Amplificateur</strong>Architecture 4 x 4Puissance de sortie 4 x 1000 W à 4 et 8 ohmsAlimentation SMPS universel avec PFCEntrées Milan-AVB, AES/EBU, AnalogiqueHauteur 2URéseau certifié MilanLocation sur demande ou via nos <a style=""text-decoration: underline !important;"" href=""https://vsonus.ch/prestation/sonorisation-l-acoustics/"">packs sonorisation</a>",,,,taxable,,1,,,0,0,,,,,0,,,,Sonorisation,,,"https://vsonus.ch/wp-content/uploads/2025/02/Design-sans-titre-2.jpg, https://vsonus.ch/wp-content/uploads/2025/02/2-3.jpg, https://vsonus.ch/wp-content/uploads/2025/02/3-3.jpg",,,,,,,,,3,,,0,,0,0,always_visible,day,5,0,0,available,100,customer,day,1,1,,0,0,1,1,0,,month,12,5,3,day,1,1,1,"[{""block_cost"":""100"",""cost"":0,""description"":"""",""max"":""3"",""min"":""1"",""name"":""Quantit\u00e9"",""parent_id"":443,""sort_order"":0}]",,3,0,,,,,customer,,0,,,,
448,booking,,,"QSC KS118",1,0,visible,"• Configuration du caisson de basse : Rayonnement direct• Transducteur LF : cône de 460 mm (18'')• Réponse en fréquence : 41 Hz - 98 Hz (-6 dB)• Gamme de fréquences : 35 Hz - 111 Hz (-10 dB)• SPL nominal maximum : 136 dB à 1m (crête)• Amplificateur : Classe D, 3600 W (crête)• Dimensions (H x l x P) : 640 mm x 520 mm x 785 mm / 25.2'' x 20.5'' x 30.9''(roulettes incluses)• Poids net : 47 kg / 104lbs (y compris les roulettes)",,,,taxable,,1,,,0,0,,,,,0,,,,Sonorisation,,,"https://vsonus.ch/wp-content/uploads/2025/02/Design-sans-titre-3.jpg, https://vsonus.ch/wp-content/uploads/2025/02/2-4.jpg, https://vsonus.ch/wp-content/uploads/2025/02/3-4.jpg, https://vsonus.ch/wp-content/uploads/2025/02/4-1.jpg",,,,,,,,,4,,,0,,0,0,always_visible,day,5,0,0,available,50,customer,day,1,1,,0,0,1,1,0,,month,12,5,1,day,1,1,1,"[{""block_cost"":""50"",""cost"":0,""description"":"""",""max"":""1"",""min"":""1"",""name"":""Quantit\u00e9"",""parent_id"":448,""sort_order"":0}]",,1,0,,,,,customer,,0,,,,
898,booking,476-1,,"QSC KW122",1,0,visible,,,,,taxable,,1,,,0,0,,,,,0,,,,Sonorisation,,,"https://vsonus.ch/wp-content/uploads/2025/04/QSC-KW122-DEVANT.png, https://vsonus.ch/wp-content/uploads/2025/04/QSC-KW122-COUCHE.png, https://vsonus.ch/wp-content/uploads/2025/04/QSC-KW122-ARRIERE.png",,,,,,,,,5,,QSC,0,,0,0,always_visible,month,1,0,0,available,50,customer,day,1,1,,0,0,1,1,0,,month,12,5,2,day,1,1,1,"[{""block_cost"":""50"",""cost"":0,""description"":"""",""max"":""2"",""min"":""1"",""name"":""Quantit\u00e9"",""parent_id"":898,""sort_order"":0}]",,2,0,,,,,customer,,0,,,,
1053,booking,,,"RCF NX 15-SMA",1,0,visible,"• Bi-amplification numérique de 1400 watts Peak, 700 watts RMS• Niveau SPL max. de 130 dB• Pavillon à directivité constante de 60° x 60°• Woofer 15"" à forte puissance avec aimant néodyme et bobine mobile 2,5""• Moteur haute fréquence avec aimant néodyme et dôme en Kapton 1.7"" et gorge 1""• Traitement par DSP, égaliseur boost, soft limiteur et protection• Entrée sur combo XLR/jack, sortie sur XLR",,,,taxable,,1,,,0,0,,,,,0,,,,Sonorisation,,,"https://vsonus.ch/wp-content/uploads/2025/04/RCF-NX-15-SMA-DEVANT.png, https://vsonus.ch/wp-content/uploads/2025/04/RCF-NX-15-SMA-MEMBRANE.png, https://vsonus.ch/wp-content/uploads/2025/04/RCF-NX-15-SMA-COTE.png",,,,,,,,,6,,,0,,0,0,always_visible,day,5,0,0,available,50,customer,day,1,1,,0,0,1,1,0,,month,12,5,2,day,1,1,1,"[{""block_cost"":""50"",""cost"":0,""description"":"""",""max"":""2"",""min"":""1"",""name"":""Quantit\u00e9"",""parent_id"":1053,""sort_order"":0}]",,2,0,,,,,customer,,0,,,,
486,booking,475,,"K&M 21302",1,0,visible,"• Taraudage M10 encastré• En acier• Hauteur extensible de 138 à 218 cm• Poids: 7,7 kg• Couleur: Noir",,,,taxable,,1,,,0,0,,,,,0,,,,Accessoires,,,https://vsonus.ch/wp-content/uploads/2025/02/KM-21302.png,,,,,,,,,7,,,0,,0,0,always_visible,month,1,0,0,available,30,customer,day,1,1,,0,0,1,1,0,,month,12,5,2,day,1,1,1,"[{""block_cost"":""30"",""cost"":0,""description"":"""",""max"":""2"",""min"":""1"",""name"":""Quantit\u00e9"",""parent_id"":486,""sort_order"":0}]",,2,0,,,,,customer,,0,,,,
487,booking,476,,"Gravity SP 5211 B",1,0,visible,"• Hauteur Minimale : 1060 mm• Hauteur Maximale : 1920 mm• Diamètre de l'extrémité des Tubes : 35 mm• Charge Maximale : 50 kg• Livré avec Jeu de Bagues Noires : oui• Bagues interchangeables : 5 x 30 mm",,,,taxable,,1,,,0,0,,,,,0,,,,Accessoires,,,https://vsonus.ch/wp-content/uploads/2025/02/Gravity-SP-5211-B.png,,,,,,,,,8,,,0,,0,0,always_visible,month,1,0,0,available,15,customer,day,1,1,,0,0,1,1,0,,month,12,5,2,day,0,1,1,"[{""block_cost"":""15"",""cost"":0,""description"":"""",""max"":""2"",""min"":""1"",""name"":""Quantit\u00e9"",""parent_id"":487,""sort_order"":0}]",,1,0,,,,,customer,,0,,,,
460,booking,449,,"Yamaha DM3 Dante",1,0,visible,"• Canaux d'entrée : 16 mono, 1 stéréo, 2 retours FX• Bus : 1 stéréo, 6 mixages, 2 effets, 2 matrices (prise en charge des entrées vers lesmatrices)• Entrée analogique : 16 Mic/Line (12 XLR + 4 XLR/TRS Phones Combo)• Sortie analogique : 8 (XLR)• E/S Dante : 2 (etherCON : primaire/secondaire, 16 entrées/sorties)• Taux d'échantillonnage : 96 kHz/48 kHz• Consommation électrique : 43 W• Dimensions (L x H x P) : 320 mm x 455 mm x 140 mm• Poids : 6,5 kg",,,,taxable,,1,,,0,0,,,,,0,,,,Sonorisation,,,"https://vsonus.ch/wp-content/uploads/2025/02/Yamaha-DM3-Dante-COTES.png, https://vsonus.ch/wp-content/uploads/2025/02/Yamaha-DM3-Dante-FACE.png, https://vsonus.ch/wp-content/uploads/2025/02/Yamaha-DM3-Dante-ARRIERE.png",,,,,,,,,9,,,0,,0,0,always_visible,month,1,0,0,available,150,customer,day,1,1,,0,0,1,1,0,,month,12,5,1,day,1,1,1,"[{""block_cost"":""150"",""cost"":0,""description"":"""",""max"":""1"",""min"":""1"",""name"":""Quantit\u00e9"",""parent_id"":460,""sort_order"":0}]",,1,0,,,,,customer,,0,,,,
461,booking,450,,"Yamaha TIO1608-D2",1,0,visible,"• Fréquence d'échantillonnage : 44,1 kHz, 48 kHz, 88,2 kHz, 96 kHz, sélectionnable• Réponse en fréquence : 20 Hz - 20 kHz• Dimensions (l x H x P) : 480 x 88 x 364 mm (18,5 x 3,5 x 14,4"")• Poids : 5,7 kg",,,,taxable,,1,,,0,0,,,,,0,,,,Sonorisation,,,"https://vsonus.ch/wp-content/uploads/2025/02/Yamaha-TIO1608-D2-DESSUS.png, https://vsonus.ch/wp-content/uploads/2025/02/Yamaha-TIO1608-D2-FACE.png, https://vsonus.ch/wp-content/uploads/2025/02/Yamaha-TIO1608-D2-ARRIERE.png",,,,,,,,,10,,,0,,0,0,always_visible,month,1,0,0,available,50,customer,day,1,1,,0,0,1,1,0,,month,12,5,1,day,1,1,1,"[{""block_cost"":""50"",""cost"":0,""description"":"""",""max"":""1"",""min"":""1"",""name"":""Quantit\u00e9"",""parent_id"":461,""sort_order"":0}]",,1,0,,,,,customer,,0,,,,
462,booking,451,,"Drawmer SP2120",1,0,visible,"• Convient pour les systèmes de sonorisation• Stéréo• Format rack 19"" - 1U• Dimension (LxHxP): 482 x 44 x 160 mm• Poids avec emballage: 2,2 kg",,,,taxable,,1,,,0,0,,,,,0,,,,Sonorisation,,,"https://vsonus.ch/wp-content/uploads/2025/02/Drawmer-SP2120-FACE-COTE.png, https://vsonus.ch/wp-content/uploads/2025/02/Drawmer-SP2120-ARRIERE.png, https://vsonus.ch/wp-content/uploads/2025/02/Drawmer-SP2120-AVANT.png, https://vsonus.ch/wp-content/uploads/2025/02/sp2120_large.jpg",,,,,,,,,11,,,0,,0,0,always_visible,month,1,0,0,available,30,customer,day,1,1,,0,0,1,1,0,,month,12,5,1,day,1,1,1,"[{""block_cost"":""30"",""cost"":0,""description"":"""",""max"":""1"",""min"":""1"",""name"":""Quantit\u00e9"",""parent_id"":462,""sort_order"":0}]",,1,0,,,,,customer,,0,,,,
463,booking,452,,"Pioneer DJM 750 MK2",1,0,visible,"• 4 canaux audio, 1 canal MIC• 4 RCA Line, 4 RCA Phono, 1 XLR MIC &amp; jack TRS 6,35 mm• Sortie master out, sortie booth, 2 casque• 1 USB (B), 1 USB (A)• 1 jack TS Send 6,35 mm, 1 jack TS Return 6,35 mm• Fréquence d'échantillonnage : 48 kHz• Réponse en fréquence : 20 Hz - 20 kHz• Dimensions maximales : 320 mm x 387,9 mm x 107,9 mm• Poids 6,6 kg",,,,taxable,,1,,,0,0,,,,,0,,,,Sonorisation,,,"https://vsonus.ch/wp-content/uploads/2025/02/Pioneer-DJM-750-MK2-COTES.png, https://vsonus.ch/wp-content/uploads/2025/02/Pioneer-DJM-750-MK2-DESSUS.png, https://vsonus.ch/wp-content/uploads/2025/02/Pioneer-DJM-750-MK2-ARRIERE.png",,,,,,,,,12,,,0,,0,0,always_visible,month,1,0,0,available,100,customer,day,1,1,,0,0,1,1,0,,month,12,5,1,day,1,1,1,"[{""block_cost"":""100"",""cost"":0,""description"":"""",""max"":""1"",""min"":""1"",""name"":""Quantit\u00e9"",""parent_id"":463,""sort_order"":0}]",,1,0,,,,,customer,,0,,,,
464,booking,453,,"Pioneer XDJ 1000 MK2",1,0,visible,"• Formats pris en charge : AAC, AIFF, Mp3, WAV, ALAC, FLAC• Stockage USB pris en charge : FAT, FAT32, HFS+• Autres : contrôle MIDI, ProDJ Link, KUVO, Auto Standby, rekordbox• Plage de fréquence : 4 Hz - 20 kHz• Taille de la molette : 206 mm• Modes de la molette : CDJ/Vinyle• Dimensions : 305 x 110 x 328,5 mm• Poids : 3,7 kg",,,,taxable,,1,,,0,0,,,,,0,,,,Sonorisation,,,"https://vsonus.ch/wp-content/uploads/2025/02/Pioneer-XDJ-1000-MK2-COTES.png, https://vsonus.ch/wp-content/uploads/2025/02/Pioneer-XDJ-1000-MK2-ARRIERE.png, https://vsonus.ch/wp-content/uploads/2025/02/Pioneer-XDJ-1000-MK2-DESSUS.png",,,,,,,,,13,,,0,,0,0,always_visible,month,1,0,0,available,50,customer,day,1,1,,0,0,1,1,0,,month,12,5,2,day,1,1,1,"[{""block_cost"":""50"",""cost"":0,""description"":"""",""max"":""2"",""min"":""1"",""name"":""Quantit\u00e9"",""parent_id"":464,""sort_order"":0}]",,1,0,,,,,customer,,0,,,,
465,booking,454,,"Pioneer XDJ RX3",1,0,visible,"• Réponse en fréquence : 20 Hz - 20 kHz• Rapport S/B : 110 dB (USB)• Distorsion harmonique totale : 0,003 % (USB-MASTER1)• Entrées :• 2 LINE (RCA)• 2 PHONO (RCA)• 2 MIC (1 XLR / 1 TRS 6,35 mm)• 2 AUX (1 mini prise stéréo RCA 3,5 mm)• Sorties :• 2 MASTER (1 XLR, 1 RCA)• 1 BOOTH (TRS 6,35 mm)• 2 PHONES (1 prise 6,35 mm stéréo, 1 mini prise stéréo RCA 3,5 mm)• 2 USB USB Type A• 1 USB TYPE B• Dimensions maximales (l - P - H) : 728,1 x 469,5 x 118,4 mm / 28,7"" x 18,5"" x 4,7""• Poids : 9,3 kg",,,,taxable,,1,,,0,0,,,,,0,,,,Sonorisation,,,"https://vsonus.ch/wp-content/uploads/2025/02/Pioneer-XDJ-RX3-FACE.png, https://vsonus.ch/wp-content/uploads/2025/02/Pioneer-XDJ-RX3-DESSUS.png, https://vsonus.ch/wp-content/uploads/2025/02/Pioneer-XDJ-RX3-ARRIERE.png",,,,,,,,,14,,,0,,0,0,always_visible,month,1,0,0,available,150,customer,day,1,1,,0,0,1,1,0,,month,12,5,1,day,1,1,1,"[{""block_cost"":""150"",""cost"":0,""description"":"""",""max"":""1"",""min"":""1"",""name"":""Quantit\u00e9"",""parent_id"":465,""sort_order"":0}]",,1,0,,,,,customer,,0,,,,
466,booking,455,,"Pioneer PLX-1000",1,0,visible,"• Entraînement direct High Torque (33 rpm en 0,3 secondes)• Présentation de platine DJ classique• Câbles phono, de masse et d’alimentation détachables• Bras de lecture en S• Options multiples de contrôle du tempo : ±8%, ±16% et ±50%• Bouton de reset du tempo• Structure robuste offrant un excellent amortissement des vibrations• Jacks RCA plaqués or de niveau professionnel• Doublure caoutchouc sur le bras de lecture améliorant l’isolation et empêchant leslarsens",,,,taxable,,1,,,0,0,,,,,0,,,,Sonorisation,,,"https://vsonus.ch/wp-content/uploads/2025/02/Pioneer-PLX-1000-COTES.png, https://vsonus.ch/wp-content/uploads/2025/02/Pioneer-PLX-1000-DESSUS.png, https://vsonus.ch/wp-content/uploads/2025/02/Pioneer-PLX-1000-ARRIERE.png",,,,,,,,,15,,,0,,0,0,always_visible,month,1,0,0,available,50,customer,day,1,1,,0,0,1,1,0,,month,12,5,2,day,1,1,1,"[{""block_cost"":""50"",""cost"":0,""description"":"""",""max"":""2"",""min"":""1"",""name"":""Quantit\u00e9"",""parent_id"":466,""sort_order"":0}]",,2,0,,,,,customer,,0,,,,
467,booking,456,,"K&M 210/9 Black",1,0,visible,"• Hauteur réglable de 900 à 1600 mm• Perche extensible de 460 à 770 mm• Poids: 3,2 kg• Couleur: Noir",,,,taxable,,1,,,0,0,,,,,0,,,,Sonorisation,,,"https://vsonus.ch/wp-content/uploads/2025/02/KM-2109-Black-FACE.png, https://vsonus.ch/wp-content/uploads/2025/02/KM-2109-Black-ARRIERE.png",,,,,,,,,16,,K&amp;M,0,,0,0,always_visible,month,1,0,0,available,5,customer,day,1,1,,0,0,1,1,0,,month,12,5,6,day,1,1,1,"[{""block_cost"":""5"",""cost"":0,""description"":"""",""max"":""6"",""min"":""1"",""name"":""Quantit\u00e9"",""parent_id"":467,""sort_order"":0}]",,6,0,,,,,customer,,0,,,,
468,booking,457,,"K&M 259 Black",1,0,visible,"• Hauteur réglable de 425 à 645 mm• Perche extensible de 470 à 775 mm• Poids: 2,05 kg• Couleur: Noir",,,,taxable,,1,,,0,0,,,,,0,,,,Sonorisation,,,"https://vsonus.ch/wp-content/uploads/2025/02/KM-259-Black-FACE.png, https://vsonus.ch/wp-content/uploads/2025/02/KM-259-Black-FIXATION.png",,,,,,,,,17,,,0,,0,0,always_visible,month,1,0,0,available,5,customer,day,1,1,,0,0,1,1,0,,month,12,5,8,day,1,1,1,"[{""block_cost"":""5"",""cost"":0,""description"":"""",""max"":""8"",""min"":""1"",""name"":""Quantit\u00e9"",""parent_id"":468,""sort_order"":0}]",,8,0,,,,,customer,,0,,,,
469,booking,458,,"Shure SM58 LC",1,0,visible,"• Version sans interrupteur marche/arrêt• Directivité: Cardioïde• Réponse en fréquence: 50 - 15.000 Hz• Sensibilité: -56 dBV/Pa (1,85 mV)• Dimensions: 23 x 162 x 51 mm• Poids: 298 g• Pince, adaptateur de réduction de pas de vis 3/8"" et trousse incl.",,,,taxable,,1,,,0,0,,,,,0,,,,Sonorisation,,,"https://vsonus.ch/wp-content/uploads/2025/02/Shure-SM58-LC-COTES.png, https://vsonus.ch/wp-content/uploads/2025/02/Shure-SM58-LC-FACE.png",,,,,,,,,18,,,0,,0,0,always_visible,month,1,0,0,available,10,customer,day,1,1,,0,0,1,1,0,,month,12,5,6,day,1,1,1,"[{""block_cost"":""10.02"",""cost"":0,""description"":"""",""max"":""6"",""min"":""1"",""name"":""Quantit\u00e9"",""parent_id"":469,""sort_order"":0}]",,4,0,,,,,customer,,0,,,,
470,booking,459,,"Sennheiser E 906",1,0,visible,"• Série ""Evolution""• Idéal pour la prise de son de guitares électriques, caisses claires et cuivres• Directivité: Supercardioïde• Interrupteur 3 positions: Hi-Boost, Flat, Hi-Cut• Réponse en fréquence: 40 - 18.000 Hz• Sensibilité: 2,2 mV/Pa à 1 kHz• Dimensions: 55 x 34 x 134 mm• Poids: 140 g• Pince de mico MZQ 100 et trousse incl.",,,,taxable,,1,,,0,0,,,,,0,,,,Sonorisation,,,"https://vsonus.ch/wp-content/uploads/2025/02/Sennheiser-E-906-SUPPORT.png, https://vsonus.ch/wp-content/uploads/2025/02/Sennheiser-E-906-FACE.png",,,,,,,,,19,,Sennheiser,0,,0,0,always_visible,month,1,0,0,available,10,customer,day,1,1,,0,0,1,1,0,,month,12,5,3,day,1,1,1,"[{""block_cost"":""10"",""cost"":0,""description"":"""",""max"":""3"",""min"":""1"",""name"":""Quantit\u00e9"",""parent_id"":470,""sort_order"":0}]",,3,0,,,,,customer,,0,,,,
471,booking,460,,"Shure SM57 LC",1,0,visible,"• Directivité: cardioïde• Réponse en fréquence: 40 Hz - 15 kHz• SPL max: 94 SPL• Sensibilité: -56,0 dBV / Pa (1,6 mV)• Impédance: 310 Ohm• Dimensions: 157 x 32 mm• Poids: 284 g• Pince micro avec adaptateur de pas de vis 3/8"" et trousse de transport inclus",,,,taxable,,1,,,0,0,,,,,0,,,,Sonorisation,,,"https://vsonus.ch/wp-content/uploads/2025/02/Shure-SM57-LC-COTES.png, https://vsonus.ch/wp-content/uploads/2025/02/Shure-SM57-LC-FACE.png",,,,,,,,,20,,,0,,0,0,always_visible,month,1,0,0,available,10,customer,day,1,1,,0,0,1,1,0,,month,12,4,4,day,1,1,1,"[{""block_cost"":""10"",""cost"":0,""description"":"""",""max"":""4"",""min"":""1"",""name"":""Quantit\u00e9"",""parent_id"":471,""sort_order"":0}]",,4,0,,,,,customer,,0,,,,
472,booking,461,,"Radial Engineering Pro DI",1,0,visible,"• Pad atténuiateur• Interrupteur de masse• Réponse en fréquence: 20 Hz - 18 kHz• Idéal pour les guitares et basses acoustiques• Entrée et sortie jack 6,3 mm• Sorties XLR",,,,taxable,,1,,,0,0,,,,,0,,,,Sonorisation,,,"https://vsonus.ch/wp-content/uploads/2025/02/Radial-Engineering-Pro-DI-COTES.png, https://vsonus.ch/wp-content/uploads/2025/02/Radial-Engineering-Pro-DI.png",,,,,,,,,21,,,0,,0,0,always_visible,month,1,0,0,available,20,customer,day,1,1,,0,0,1,1,0,,month,12,5,8,day,1,1,1,"[{""block_cost"":""20"",""cost"":0,""description"":"""",""max"":""8"",""min"":""1"",""name"":""Quantit\u00e9"",""parent_id"":472,""sort_order"":0}]",,8,0,,,,,customer,,0,,,,
473,booking,462,,"BSS Audio AR133",1,0,visible,"• Alimentation par pile ou alimentation fantôme• Entrées sur XLR et Jack 6,3 mm• Sortie sur XLR• Sortie Link sur Jack 6,3 mm• Sorties avec isolation galvanique• Interrupteur de masse• Pad atténuateur -20 / -40 dB",,,,taxable,,1,,,0,0,,,,,0,,,,Sonorisation,,,"https://vsonus.ch/wp-content/uploads/2025/02/BSS-Audio-AR133-COTES.png, https://vsonus.ch/wp-content/uploads/2025/02/BSS-Audio-AR133-FACE.png",,,,,,,,,22,,,0,,0,0,always_visible,month,1,0,0,available,20,customer,day,1,1,,0,0,1,1,0,,month,12,5,8,day,1,1,1,"[{""block_cost"":""20"",""cost"":0,""description"":"""",""max"":""8"",""min"":""1"",""name"":""Quantit\u00e9"",""parent_id"":473,""sort_order"":0}]",,8,0,,,,,customer,,0,,,,
474,booking,463,,"Lyre PRO Wash 7x40 IP65",1,0,visible,"Weight 10,9 kgSize 31x46,2x22 cmConsumption 240wProduct color BlackPower 280wPorts / Connectors DMX 3 Points IP65 + PowerCon True One IP65IP Protection IP65",,,,taxable,,1,,,0,0,,,,,0,,,,Éclairages,,,"https://vsonus.ch/wp-content/uploads/2025/02/Lyre-PRO-WASH-7x40-IP65-FACE.png, https://vsonus.ch/wp-content/uploads/2025/02/Lyre-PRO-WASH-7x40-IP65-ARRIERE.png, https://vsonus.ch/wp-content/uploads/2025/02/Lyre-PRO-WASH-7x40-IP65-DESSOUS.png",,,,,,,,,23,,,0,,0,0,always_visible,month,1,0,0,available,50,customer,day,1,1,,0,0,1,1,0,,month,12,5,4,day,1,1,1,"[{""block_cost"":""50"",""cost"":0,""description"":"""",""max"":""7"",""min"":""1"",""name"":""Quantit\u00e9"",""parent_id"":474,""sort_order"":0}]",,1,0,,,,,customer,,0,,,,
475,booking,464,,"Varytec LED Typhoon True Par 12 TP /10",1,0,visible,"• Entrée/sortie d'alimentation : Power Twist TR1 IP65• Entrée / sortie XLR IP65 5 broches (prise appareil)• Classe de protection du boîtier : IP65• Alimentation électrique : tension 110 ~ 250 V / 50 ~ 60 Hz• Consommation électrique : max. 120 Watt• Dimensions (L x l x H) : 288 x 305 x 143 mm• Poids : 4,54 kg",,,,taxable,,1,,,0,0,,,,,0,,,,Éclairages,,,"https://vsonus.ch/wp-content/uploads/2025/02/Varytec-LED-Typhoon-True-PAR-12x10-IP65-COTES.png, https://vsonus.ch/wp-content/uploads/2025/02/Varytec-LED-Typhoon-True-PAR-12x10-IP65-ARRIERE.png, https://vsonus.ch/wp-content/uploads/2025/02/Varytec-LED-Typhoon-True-PAR-12x10-IP65-FACE.png",,,,,,,,,24,,,0,,0,0,always_visible,month,1,0,0,available,30,customer,day,1,1,,0,0,1,1,0,,month,12,5,10,day,1,1,1,"[{""block_cost"":""30"",""cost"":0,""description"":"""",""max"":""10"",""min"":""1"",""name"":""Quantit\u00e9"",""parent_id"":475,""sort_order"":0}]",,1,0,,,,,customer,,0,,,,
476,booking,465,,"Stairville Show Bar Pro 16x10W RGB",1,0,visible,"• Source: 16 LEDs RGBAW 5-en-1 de 10 Watt• Flux lumineux: 4681 lumens• Indice de protection: IP65• Entrée et sortie DMX sur XLR 3 broches IP65 Seetronic• Entrée et sortie secteur Power Twist TR1 IP65 Seetronic Power Twist TR1 IP65(câble d'alimentation adapté optionnel non fourni: 292462)• Consommation max.: 190 Watt• Dimensions: 1027 x 170 x 221 mm• Poids: 7,6 kg",,,,taxable,,1,,,0,0,,,,,0,,,,Éclairages,,,"https://vsonus.ch/wp-content/uploads/2025/02/Stairville-Show-Bar-Pro-16x10W-RGB-IP65.png, https://vsonus.ch/wp-content/uploads/2025/02/Stairville-Show-Bar-Pro-16x10W-RGB-IP65-OUTPUT.png, https://vsonus.ch/wp-content/uploads/2025/02/Stairville-Show-Bar-Pro-16x10W-RGB-IP65-INPUT.png, https://vsonus.ch/wp-content/uploads/2025/02/Stairville-Show-Bar-Pro-16x10W-RGB-IP65-ARRIERE.png",,,,,,,,,25,,,0,,0,0,always_visible,month,1,0,0,available,50,customer,day,1,1,,0,0,1,1,0,,month,12,5,4,day,1,1,1,"[{""block_cost"":""50"",""cost"":0,""description"":"""",""max"":""4"",""min"":""1"",""name"":""Quantit\u00e9"",""parent_id"":476,""sort_order"":0}]",,4,0,,,,,customer,,0,,,,
478,booking,467,,"Wolfmix W1 Mk2",1,0,visible,"• Entrée ligne audio sur mini Jack 3,5 mm• 2 sorties DMX sur XLR 3 broches, 1 sortie DMX sur XLR 5 broches et 1 entrée/sortieDMX sur XLR 5 broches avec WLINK• Port USB-A pour connexion à un contrôleur MIDI ou à une mémoire USB• Port USB-B - 900 mA requis (classification USB3)• Dimensions (L x P x H): 195 x 220 x 62 mm• Poids: 1070 g",,,,taxable,,1,,,0,0,,,,,0,,,,Éclairages,,,"https://vsonus.ch/wp-content/uploads/2025/02/Wolfmix-W1-Mk2-FACE.png, https://vsonus.ch/wp-content/uploads/2025/02/Wolfmix-W1-Mk2-ARRIERE.png, https://vsonus.ch/wp-content/uploads/2025/02/Wolfmix-W1-Mk2-ARRIERE-FACE.png",,,,,,,,,26,,,0,,0,0,always_visible,month,1,0,0,available,50,customer,day,1,1,,0,0,1,1,0,,month,12,5,1,day,1,1,1,"[{""block_cost"":""50"",""cost"":0,""description"":"""",""max"":""1"",""min"":""1"",""name"":""Quantit\u00e9"",""parent_id"":478,""sort_order"":0}]",,1,0,,,,,customer,,0,,,,
477,booking,466,,"THUNDER® WASH 600 CANON UV LED",1,0,visible,"130 W de puissance LED648 LED SMD RGBW de 0,2 W d’une durée de vie d'env. 25 000 heuresAngle de dispersion large de 75°Longueur d’onde de 395 nm pour une fluorescence maximalePilotage DMX, pilotage par la musique et commande manuelleModes de fonctionnement autonome et maître/esclave",,,,taxable,,1,,,0,0,,,,,0,,,,Éclairages,,,"https://vsonus.ch/wp-content/uploads/2025/02/thunder-wash-600-canon-uv-led.jpg, https://vsonus.ch/wp-content/uploads/2025/02/thunder-wash-600-canon-uv-led-3.jpg, https://vsonus.ch/wp-content/uploads/2025/02/thunder-wash-600-canon-uv-led-4.jpg, https://vsonus.ch/wp-content/uploads/2025/02/thunder-wash-600-canon-uv-led-5.jpg, https://vsonus.ch/wp-content/uploads/2025/02/thunder-wash-600-canon-uv-led-6.jpg",,,,,,,,,27,,,0,,0,0,always_visible,month,1,0,0,available,30,customer,day,1,0,,0,0,1,1,0,,month,12,5,1,day,1,1,1,"[{""block_cost"":""30"",""cost"":0,""description"":"""",""max"":""1"",""min"":""1"",""name"":""Quantit\u00e9"",""parent_id"":477,""sort_order"":0}]",,1,0,,,,,customer,,0,,,,
479,booking,468,,"Projecteur UV LED",1,0,visible,"40 W de puissance LED150 LEDCouleur : 395nm",,,,taxable,,1,,,0,0,,,,,0,,,,Éclairages,,,"https://vsonus.ch/wp-content/uploads/2025/02/Lumiare-UV-LED-40W-ACTIVE.png, https://vsonus.ch/wp-content/uploads/2025/02/Lumiare-UV-LED-40W-FACE.png",,,,,,,,,28,,,0,,0,0,always_visible,month,1,0,0,available,10,customer,day,1,1,,0,0,1,1,0,,month,12,5,6,day,1,1,1,"[{""block_cost"":""10"",""cost"":0,""description"":"""",""max"":""6"",""min"":""1"",""name"":""Quantit\u00e9"",""parent_id"":479,""sort_order"":0}]",,6,0,,,,,customer,,0,,,,
480,booking,469,,"Projecteur RGB IP66",1,0,visible,"'-16 couleurs et 4 modes Différentes couleurs et motifs (flash fondu lissage)- Télécommande et fonction de mémorisation- IP66 étanche RVB légèrement étanche atteint IP66, peut être utilisé sous la pluie ou la neige.- Refroidissement efficace, facile à installer Équipé d'un dissipateur thermique avancé",,,,taxable,,1,,,0,0,,,,,0,,,,Éclairages,,,"https://vsonus.ch/wp-content/uploads/2025/02/Projecteur-RGB-IP66-FACE.png, https://vsonus.ch/wp-content/uploads/2025/02/Projecteur-RGB-IP66-ARRIERE.png",,,,,,,,,29,,,0,,0,0,always_visible,month,1,0,0,available,10,customer,day,1,1,,0,0,1,1,0,,month,12,5,2,day,1,1,1,"[{""block_cost"":""10"",""cost"":0,""description"":"""",""max"":""2"",""min"":""1"",""name"":""Quantit\u00e9"",""parent_id"":480,""sort_order"":0}]",,2,0,,,,,customer,,0,,,,
481,booking,470,,A-BUMP,1,0,visible,"Cadre pour le déploiement vertical de l'A15 et du KS21",,,,taxable,,1,,,0,0,,,,,0,,,,Accessoires,,,https://vsonus.ch/wp-content/uploads/2025/02/A-BUMP.png,,,,,,,,,30,,,0,,0,0,always_visible,month,1,0,0,available,50,customer,day,1,1,,0,0,1,1,0,,month,12,5,2,day,1,1,1,"[{""block_cost"":""50"",""cost"":0,""description"":"""",""max"":""2"",""min"":""1"",""name"":""Quantit\u00e9"",""parent_id"":481,""sort_order"":0}]",,1,0,,,,,customer,,0,,,,
483,booking,472,,A-STACK,1,0,visible,"Elevateur pour A15",,,,taxable,,1,,,0,0,,,,,0,,,,Accessoires,,,"https://vsonus.ch/wp-content/uploads/2025/02/a-stack-l-acoustics-v-sonus-vevey.jpg, https://vsonus.ch/wp-content/uploads/2025/02/a-stack-l-acoustics-v-sonus-vevey2.jpg, https://vsonus.ch/wp-content/uploads/2025/02/a-stack-l-acoustics-v-sonus-vevey3.jpg, https://vsonus.ch/wp-content/uploads/2025/02/a-stack-l-acoustics-v-sonus-vevey4.jpg",,,,,,,,,31,,,0,,0,0,always_visible,month,1,0,0,available,50,customer,day,1,1,,0,0,1,1,0,,month,12,2,2,day,1,1,1,"[{""block_cost"":""50"",""cost"":0,""description"":"""",""max"":""2"",""min"":""1"",""name"":""Quantit\u00e9"",""parent_id"":483,""sort_order"":0}]",,2,0,,,,,customer,,0,,,,
482,booking,471,,A-MOUNT,1,0,visible,"Embase A15 sur pieds",,,,taxable,,1,,,0,0,,,,,0,,,,Accessoires,,,https://vsonus.ch/wp-content/uploads/2025/02/028-3DR_A-MOUNT_01.png,,,,,,,,,32,,,0,,0,0,always_visible,month,1,0,0,available,20,customer,day,1,0,,0,0,1,1,0,,month,12,1,2,day,1,1,1,"[{""block_cost"":""20"",""cost"":0,""description"":"""",""max"":""2"",""min"":""1"",""name"":""Quantit\u00e9"",""parent_id"":482,""sort_order"":0}]",,2,0,,,,,customer,,0,,,,
484,booking,473,,A-TILT,1,0,visible,"Elément de fixation pour empiler le A15 sur KS21",,,,taxable,,1,,,0,0,,,,,0,,,,Accessoires,,,https://vsonus.ch/wp-content/uploads/2025/02/A-TILT-1.png,,,,,,,,,33,,,0,,0,0,always_visible,month,1,0,0,available,,fixed,day,1,0,,0,0,1,1,0,,month,12,1,2,day,1,1,1,"[{""block_cost"":""30"",""cost"":0,""description"":"""",""max"":""2"",""min"":""1"",""name"":""Quantit\u00e9"",""parent_id"":484,""sort_order"":0}]",,2,0,,,,,customer,,0,,,,
485,booking,474,,"KS21 OUTRIG",1,0,visible,"Barre de stabilisation pour KS21",,,,taxable,,1,,,0,0,,,,,0,,,,Accessoires,,,https://vsonus.ch/wp-content/uploads/2025/02/KS21-OUTRIG.png,,,,,,,,,34,,,0,,0,0,always_visible,month,1,0,0,available,30,customer,day,1,1,,0,0,1,1,0,,month,12,5,4,day,1,1,4,"[{""block_cost"":""30"",""cost"":0,""description"":"""",""max"":""4"",""min"":""4"",""name"":""Quantit\u00e9"",""parent_id"":485,""sort_order"":0}]",,4,0,,,,,customer,,0,,,,
488,booking,477,,"K&M 21366 Ring Lock",1,0,visible,"• Serrage par goupille avec vis de sécurité• Extrémités en matière plastique pour connexion sans vibrations• Hauteur réglable par étape de 950 à 1370 mm• Charge admissible max.: 35 kg• Poids: 2,4 kg",,,,taxable,,1,,,0,0,,,,,0,,,,Accessoires,,,https://vsonus.ch/wp-content/uploads/2025/02/KM-21366-Ring-Lock-950-1370mm.png,,,,,,,,,35,,,0,,0,0,always_visible,month,1,0,0,available,20,customer,day,1,1,,0,0,1,1,0,,month,12,5,2,day,1,1,1,"[{""block_cost"":""20"",""cost"":0,""description"":"""",""max"":""2"",""min"":""1"",""name"":""Quantit\u00e9"",""parent_id"":488,""sort_order"":0}]",,2,0,,,,,customer,,0,,,,
1097,booking,482-1-1-1,,"Répartiteur de courant mobile 16A IP54",1,0,visible,"• Câble noir de 2 m H07RN-F 5G2,5mm² avec fiche noire CEE 16A 3p 230 V• 6 prises d'appareil powerCON TRUE1• Bornes à vis 16A 250V AC 2p+PE (avec bouchons d'étanchéité en caoutchouc IP65)protégé par le fusible en amont de la ligne d'alimentation• Prises d'appareil Neutrik NAC3FPX-ST-TOP• Bouchons d'étanchéité en caoutchouc Neutrik SCNAC-FPX• Indice de protection: IP54",,,,taxable,,1,,,0,0,,,,,0,,,,Câblage,,,https://vsonus.ch/wp-content/uploads/2025/05/17614411_800.jpg,,,,,,,,,36,,,0,,0,0,always_visible,month,1,0,0,available,30,customer,day,1,1,,0,0,1,1,0,,month,12,5,20,day,1,1,1,"[{""block_cost"":""30"",""cost"":0,""description"":"""",""max"":""20"",""min"":""1"",""name"":""Quantit\u00e9"",""parent_id"":1097,""sort_order"":0}]",,20,0,,,,,customer,,0,,,,
1088,booking,482-1-1,,"ADJ Adaptateur DMX 5 broches M à 3 broches F",1,0,visible,"• XLR mâle 5 broches - XLR femelle 3 broches• Impédance: 110 Ohm• Couleur: Noir",,,,taxable,,1,,,0,0,,,,,0,,,,Câblage,,,https://vsonus.ch/wp-content/uploads/2025/05/adj-dmx-adaptateur-3-broches-femelle-5-broches-m-le_1_LIG0006966-000.jpg,,,,,,,,,37,,,0,,0,0,always_visible,month,1,0,0,available,5,customer,day,1,1,,0,0,1,1,0,,month,12,5,20,day,1,1,1,"[{""block_cost"":""5"",""cost"":0,""description"":"""",""max"":""20"",""min"":""1"",""name"":""Quantit\u00e9"",""parent_id"":1088,""sort_order"":0}]",,20,0,,,,,customer,,0,,,,
1085,booking,482-1,,"ADJ Adaptateur DMX 3 broches M à 5 broches F",1,0,visible,"• XLR mâle 3 broches - XLR femelle 5 broches• Impédance: 110 Ohm• Couleur: Noir",,,,taxable,,1,,,0,0,,,,,0,,,,Câblage,,,https://vsonus.ch/wp-content/uploads/2025/05/adj-adaptateur-dmx-3-broches-a-5-broches.jpg,,,,,,,,,38,,,0,,0,0,always_visible,month,1,0,0,available,5,customer,day,1,1,,0,0,1,1,0,,month,12,5,20,day,1,1,1,"[{""block_cost"":""5"",""cost"":0,""description"":"""",""max"":""20"",""min"":""1"",""name"":""Quantit\u00e9"",""parent_id"":1085,""sort_order"":0}]",,20,0,,,,,customer,,0,,,,
495,booking,484,,"Neutrik Câble Speakon",1,0,visible,"• Longueur: 5, 10 ou 20 m• Câble professionnel pour live, studio et installations• Neutrik NL4FXX-W-S 70 SpeakON < - > Neutrik NL4FXX-W-S 70 SpeakON",,,,taxable,,1,,,0,0,,,,,0,,,,Câblage,,,https://vsonus.ch/wp-content/uploads/2025/02/cable-Speakon.png,,,,,,,,,39,,,0,,0,0,always_visible,month,1,0,0,available,5,customer,day,1,1,,0,0,1,1,0,,month,12,5,1,day,1,1,1,"[{""block_cost"":""5"",""cost"":0,""description"":"""",""max"":""20"",""min"":""1"",""name"":""Quantit\u00e9"",""parent_id"":495,""sort_order"":0}]",,20,0,,,,,customer,,0,,,,
496,booking,485,,"Varytec Link speakon IP65",1,0,visible,"• Longueur: 2, 5, 10 ou 20 m• Rallonge avec fiches TR1 Power Twist mâle et femelle• Section de conducteur: 3x 2,5 mm²",,,,taxable,,1,,,0,0,,,,,0,,,,Câblage,,,https://vsonus.ch/wp-content/uploads/2025/02/Link-Speakon-IP65-Varytec.png,,,,,,,,,40,,,0,,0,0,always_visible,month,1,0,0,available,5,customer,day,1,1,,0,0,1,1,0,,month,12,5,20,day,1,1,1,"[{""block_cost"":""5"",""cost"":0,""description"":"""",""max"":""20"",""min"":""1"",""name"":""Quantit\u00e9"",""parent_id"":496,""sort_order"":0}]",,20,0,,,,,customer,,0,,,,
497,booking,486,,"Neutrik Câble Speakon en Y",1,0,visible,"• Longueur: 0.5 m• Câble professionnel pour live, studio et installations• Neutrik NL4FXX-W-S 70 SpeakON < - > 2x Neutrik NL4FXX-W-S 70 SpeakON",,,,taxable,,1,,,0,0,,,,,0,,,,Câblage,,,https://vsonus.ch/wp-content/uploads/2025/02/cable-Speakon-en-Y.png,,,,,,,,,41,,,0,,0,0,always_visible,month,1,0,0,available,5,customer,day,1,1,,0,0,1,1,0,,month,12,5,20,day,1,1,1,"[{""block_cost"":""5"",""cost"":0,""description"":"""",""max"":""20"",""min"":""1"",""name"":""Quantit\u00e9"",""parent_id"":497,""sort_order"":0}]",,20,0,,,,,customer,,0,,,,
498,booking,487,,"Cordial RCA to RCA",1,0,visible,"• Longueur: 0,5, 1,5 ou 3 m• 2 x RCA (Cinch) mâle - 2 x RCA (Cinch) mâle• Fiches Neutrik (Rean)• Contacts plaqués or",,,,taxable,,1,,,0,0,,,,,0,,,,Câblage,,,https://vsonus.ch/wp-content/uploads/2025/02/RCA-to-RCA-Cordial.png,,,,,,,,,42,,,0,,0,0,always_visible,month,1,0,0,available,5,customer,day,1,1,,0,0,1,1,0,,month,12,5,20,day,1,1,1,"[{""block_cost"":""5"",""cost"":0,""description"":"""",""max"":""20"",""min"":""1"",""name"":""Quantit\u00e9"",""parent_id"":498,""sort_order"":0}]",,20,0,,,,,customer,,0,,,,
499,booking,488,,"Cordial Jack to RCA",1,0,visible,"• Longueur: 1, 2 ou 3 m• 2 x Jack mono 6,3 mm - 2 x RCA (Cinch) mâle• Fiches Neutrik (Rean)• Contacts plaqués or",,,,taxable,,1,,,0,0,,,,,0,,,,Câblage,,,https://vsonus.ch/wp-content/uploads/2025/02/Jack-to-RCA-Cordial.png,,,,,,,,,43,,,0,,0,0,always_visible,month,1,0,0,available,5,customer,day,1,1,,0,0,1,1,0,,month,12,5,20,day,1,1,1,"[{""block_cost"":""5"",""cost"":0,""description"":"""",""max"":""20"",""min"":""1"",""name"":""Quantit\u00e9"",""parent_id"":499,""sort_order"":0}]",,20,0,,,,,customer,,0,,,,
500,booking,489,,"Cordial Jack to jack",1,0,visible,"• Longueur: 1, 2 ou 5 m• Jack stéréo 6,3 mm - Jack stéréo 6,3 mm• Fiches Neutrik (Rean)• Contacts plaqués or",,,,taxable,,1,,,0,0,,,,,0,,,,Câblage,,,https://vsonus.ch/wp-content/uploads/2025/02/Jack-to-Jack-Cordial.png,,,,,,,,,44,,,0,,0,0,always_visible,month,1,0,0,available,5,customer,day,1,1,,0,0,1,1,0,,month,12,5,20,day,1,1,1,"[{""block_cost"":""5"",""cost"":0,""description"":"""",""max"":""20"",""min"":""1"",""name"":""Quantit\u00e9"",""parent_id"":500,""sort_order"":0}]",,20,0,,,,,customer,,0,,,,
492,booking,481,,"Neutrik Câble XLR",1,0,visible,"• Longueur: 0.5, 1, 2, 3, 5, 10, 15, 20 ou 50 m• Section de câble: 2 x 0,22 mm²• XLR mâle - XLR femelle• Fiches Neutrik NC 3 MXX et NC 3 FXX• Diamètre extérieur: 6,5 mm• Couleur: Noir• Fabriqué en Allemagne",,,,taxable,,1,,,0,0,,,,,0,,,,Câblage,,,https://vsonus.ch/wp-content/uploads/2025/02/cable-XLR.png,,,,,,,,,45,,,0,,0,0,always_visible,month,1,0,0,available,5,customer,day,1,1,,0,0,1,1,0,,month,12,5,10,day,1,1,1,"[{""block_cost"":""5"",""cost"":0,""description"":"""",""max"":""10"",""min"":""1"",""name"":""Quantit\u00e9"",""parent_id"":492,""sort_order"":0}]",,20,0,,,,,customer,,0,Longueur,"0.5 m, 1 m, 2 m, 3 m, 5 m, 10 m, 15 m, 20 m, 50 m",1,0
493,booking,482,,"Neutrik Câble DMX",1,0,visible,"• Longueur: 2, 5 ou 10 m• Impédance: 110 Ohm• XLR mâle - XLR femelle• Fiches 5 broches noires• 5 broches connectées",,,,taxable,,1,,,0,0,,,,,0,,,,Câblage,,,https://vsonus.ch/wp-content/uploads/2025/02/cable-dmx.png,,,,,,,,,46,,,0,,0,0,always_visible,month,1,0,0,available,5,customer,day,1,1,,0,0,1,1,0,,month,12,5,20,day,1,1,1,"[{""block_cost"":""5"",""cost"":0,""description"":"""",""max"":""19"",""min"":""1"",""name"":""Quantit\u00e9"",""parent_id"":493,""sort_order"":0}]",,20,0,,,,,customer,,0,,,,
494,booking,483,,"Neutrik Câble Ethercon CAT6",1,0,visible,"• Longueur: 50 m• Câble robuste et flexible pour scènes, studios et installations• 2 connecteurs RJ45 Rean (marque de Neutrik)• Pour prises au format D",,,,taxable,,1,,,0,0,,,,,0,,,,Câblage,,,https://vsonus.ch/wp-content/uploads/2025/02/cable-Ethercon-CAT6.png,,,,,,,,,47,,,0,,0,0,always_visible,month,1,0,0,available,5,customer,day,1,1,,0,0,1,1,0,,month,12,5,20,day,1,1,1,"[{""block_cost"":""5"",""cost"":0,""description"":"""",""max"":""20"",""min"":""1"",""name"":""Quantit\u00e9"",""parent_id"":494,""sort_order"":0}]",,20,0,,,,,customer,,0,,,,
502,booking,491,,"Global Truss F33C21 90° Corner",1,0,visible,"• Distance des tubes (extérieur): 29 cm• Diamètre tube principal: 50 mm• Epaisseur: 2 mm• Croisillons: 20 mm• Poids: 4,2 kg",,,,taxable,,1,,,0,0,,,,,0,,,,Infrastructure,,,"https://vsonus.ch/wp-content/uploads/2025/02/Global-Truss-F33C21-90¯-Corner-FACE.png, https://vsonus.ch/wp-content/uploads/2025/02/Global-Truss-F33C21-90¯-Corner-COTES.png",,,,,,,,,48,,,0,,0,0,always_visible,month,1,0,0,available,10,customer,day,1,1,,0,0,1,1,0,,month,12,5,4,day,1,1,1,"[{""block_cost"":""10"",""cost"":0,""description"":"""",""max"":""4"",""min"":""1"",""name"":""Quantit\u00e9"",""parent_id"":502,""sort_order"":0}]",,4,0,,,,,customer,,0,,,,
503,booking,492,,"Global Truss F33200 Truss 2,0 m",1,0,visible,"• Longueur: 2 m• Distance des tubes (extérieur): 29 cm• Diamètre tube principal: 50 mm• Epaisseur: 2 mm• Croisillons: 20 mm• Poids: 9,3 kg",,,,taxable,,1,,,0,0,,,,,0,,,,Infrastructure,,,https://vsonus.ch/wp-content/uploads/2025/02/Global-Truss-F32200-Truss-20-m.png,,,,,,,,,49,,,0,,0,0,always_visible,month,1,0,0,available,20,customer,day,1,1,,0,0,1,1,0,,month,12,5,6,day,1,1,1,"[{""block_cost"":""20"",""cost"":0,""description"":"""",""max"":""6"",""min"":""1"",""name"":""Quantit\u00e9"",""parent_id"":503,""sort_order"":0}]",,6,0,,,,,customer,,0,,,,
1076,booking,493-1,,"Kaiserkraft Table pliante 180 cm, avec plateau extra-fort",1,0,visible,"Hauteur réglable Non réglableForme du bureau RectangulaireLargeur 180 cmProfondeur 80 cmHauteur 72 cm",,,,taxable,,1,,,0,0,,,,,0,,,,Infrastructure,,,https://vsonus.ch/wp-content/uploads/2025/02/Table-pliante-avec-plateau-extra-fort.png,,,,,,,,,50,,,0,,0,0,always_visible,month,1,0,0,available,30,customer,day,1,1,,0,0,1,1,0,,month,12,5,1,day,1,1,1,"[{""block_cost"":""30"",""cost"":0,""description"":"""",""max"":""1"",""min"":""1"",""name"":""Quantit\u00e9"",""parent_id"":1076,""sort_order"":0}]",,1,0,,,,,customer,,0,,,,
504,booking,493,,"Kaiserkraft Table pliante 120 cm, avec plateau extra-fort",1,0,visible,"Hauteur réglable Non réglableForme du bureau RectangulaireLargeur 120 cmProfondeur 80 cmHauteur 72 cm",,,,taxable,,1,,,0,0,,,,,0,,,,Infrastructure,,,https://vsonus.ch/wp-content/uploads/2025/02/Table-pliante-avec-plateau-extra-fort.png,,,,,,,,,51,,,0,,0,0,always_visible,month,1,0,0,available,20,customer,day,1,1,,0,0,1,1,0,,month,12,5,2,day,1,1,1,"[{""block_cost"":""20"",""cost"":0,""description"":"""",""max"":""2"",""min"":""1"",""name"":""Quantit\u00e9"",""parent_id"":504,""sort_order"":0}]",,3,0,,,,,customer,,0,,,,
505,booking,494,,"Cocon Pavillon Pliable 3x3m",1,0,visible,"type de pavillon Pavillon pliableGroupe de matériaux Métal,TextileHauteur 340 cm x 300 x 300Particularités Étanche",,,,taxable,,1,,,0,0,,,,,0,,,,Infrastructure,,,"https://vsonus.ch/wp-content/uploads/2025/02/Pavillon-Pliable-FACE.png, https://vsonus.ch/wp-content/uploads/2025/02/Pavillon-Pliable-SAC.png, https://vsonus.ch/wp-content/uploads/2025/02/Pavillon-Pliable-PLIE.png, https://vsonus.ch/wp-content/uploads/2025/02/a8654c6b-0b01-4b6b-ac63-8f28c9be60a8_cropped.jpg, https://vsonus.ch/wp-content/uploads/2025/02/1bcb80b1-9b70-4655-8151-fb2cd20bf6d9_cropped.jpg",,,,,,,,,52,,,0,,0,0,always_visible,month,1,0,0,available,100,customer,day,1,1,,0,0,1,1,0,,month,12,5,1,day,1,1,1,"[{""block_cost"":""100"",""cost"":0,""description"":"""",""max"":""1"",""min"":""1"",""name"":""Quantit\u00e9"",""parent_id"":505,""sort_order"":0}]",,1,0,,,,,customer,,0,,,,
506,booking,495,,"Pavillon Pliable 6x3m avec côtés",1,0,visible,"Hauteur de passage réglable en 5 positions de 175cm à 205cmHauteur max. 340 cmMesure de la tente pliée: 156 x 48 x 29 cmPoids avec le toit: 40 kg",,,,taxable,,1,,,0,0,,,,,0,,,,Infrastructure,,,"https://vsonus.ch/wp-content/uploads/2025/02/2634041773-Photoroom.png, https://vsonus.ch/wp-content/uploads/2025/02/5267348801-Photoroom.png, https://vsonus.ch/wp-content/uploads/2025/02/7908227127-Photoroom.png, https://vsonus.ch/wp-content/uploads/2025/02/1bcb80b1-9b70-4655-8151-fb2cd20bf6d9_cropped.jpg",,,,,,,,,53,,,0,,0,0,always_visible,month,1,0,0,available,200,customer,day,1,1,,0,0,1,1,0,,month,12,1,1,day,1,1,1,"[{""block_cost"":""200"",""cost"":0,""description"":"""",""max"":""1"",""min"":""1"",""name"":""Quantit\u00e9"",""parent_id"":506,""sort_order"":0}]",,1,0,,,,,customer,,0,,,,
507,booking,496,,"Vevor Passes-câbles 1m",1,0,visible,"• Capacité de Charge : 11 000 lbs/4 989 kg• Taille du Produit : 40'' L x 9,7"" l x 2"" H/101 x 24,5 x 5 cm• Taille du Canal Unique : 3,2 x 3,1 cm/1,3"" l x 1,2"" H• Poids de l'Article (Chacun) : 11,02 lbs/5 kg",,,,taxable,,1,,,0,0,,,,,0,,,,Infrastructure,,,https://vsonus.ch/wp-content/uploads/2025/02/Passes-cables-1m-Vevor.png,,,,,,,,,54,,,0,,0,0,always_visible,month,1,0,0,available,10,customer,day,1,1,,0,0,1,1,0,,month,12,5,30,day,1,1,1,"[{""block_cost"":""10"",""cost"":0,""description"":"""",""max"":""30"",""min"":""1"",""name"":""Quantit\u00e9"",""parent_id"":507,""sort_order"":0}]",,30,0,,,,,customer,,0,,,,
508,booking,497,,"Stageworx Praktikus Light 2,0 x 1,0m ODW",1,0,visible,"• Dimensions: 2,0 x 1,0 m• Imperméabilisé (BFU 100)• Plaque de sérigraphie finlandaise de 12 mm• Revêtement phénolique marron foncé HEXA ""anti-dérapant"" 220 g/m²• Poids admissible max.: 750 kg/m²• Certifié GS• Admissions pour 4 pieds 45 x 45 mm (pieds 60cm fournis)• Poids: 35 kg",,,,taxable,,1,,,0,0,,,,,0,,,,Infrastructure,,,"https://vsonus.ch/wp-content/uploads/2025/02/Stageworx-Praktikus-Light-20-x-10m-ODW-DESSUS.png, https://vsonus.ch/wp-content/uploads/2025/02/Stageworx-Praktikus-Light-20-x-10m-ODW-DESSOUS.png",,,,,,,,,55,,QSC,0,,0,0,always_visible,month,1,0,0,available,35,customer,day,1,1,,0,0,1,1,0,,month,12,5,6,day,1,1,1,"[{""block_cost"":""35"",""cost"":0,""description"":"""",""max"":""6"",""min"":""1"",""name"":""Quantit\u00e9"",""parent_id"":508,""sort_order"":0}]",,6,0,,,,,customer,,0,,,,
501,booking,490,,"Global Truss F32200 Truss 2,0 m (gris)",1,0,visible,"• Longueur: 2 m• Distance des tubes (extérieur): 29 cm• Diamètre tube principal: 50 mm• Epaisseur: 2 mm• Croisillons: 20 mm• Poids: 4,6 kg",,,,taxable,,1,,,0,0,,,,,0,,,,Infrastructure,,,"https://vsonus.ch/wp-content/uploads/2025/02/Global-Truss-F33200-Truss-20-m-FACE.png, https://vsonus.ch/wp-content/uploads/2025/02/Global-Truss-F33200-Truss-20-m-FIXATION.png",,,,,,,,,56,,,0,,0,0,always_visible,month,1,0,0,available,20,customer,day,1,1,,0,0,1,1,0,,month,12,5,12,day,1,1,1,"[{""block_cost"":""20"",""cost"":0,""description"":"""",""max"":""12"",""min"":""1"",""name"":""Quantit\u00e9"",""parent_id"":501,""sort_order"":0}]",,12,0,,,,,customer,,0,,,,
489,booking,478,,"VMB Pied de levage Line Array TL-A300",1,0,visible,"'- H mini : 1,58 m- H maxi : 5,80 m- Charge maxi : 300 kg- Charge mini : 25 kg- Poids : 165 kg- Embase : 2,10 m x 1,90 m- Roues : 4 Roulettes libres pour le transport du pied replié- Levage à fourche- Sécurité : ALS (Auto Lock Security System)- Certification : BGV C1 (GUV-VC1) - CE 89/392 EWG- Treuil : 900 Kg de charge maximale avec frein automatique Certifié GS TUV- Câble : Acier DIN 3060 180 Kg/mm2 anti torsion / Ø 6 mm- Vérins réglables équipés de disques antidérapants- Niveau à bulle afin de vérifier la verticalité du pied- Protection et finition en polyester noir- Matière : Profilés d’aluminium 6082-T6. Pieds et base support profils d’acier DIN 2394Location sur demande ou via nos <a style=""text-decoration: underline !important;"" href=""https://vsonus.ch/prestation/scenes/"">packs scènes ou concerts</a>",,,,taxable,,1,,,0,0,,,,,0,,,,"Système de levage",,,"https://vsonus.ch/wp-content/uploads/2025/02/pied-de-levage-noir-tla300-line-array-h-5-80m-300-kg-forks-adaptateur-vmb.jpg, https://vsonus.ch/wp-content/uploads/2025/02/pied-de-levage-noir-tla300-line-array-h-5-80m-300-kg-forks-adaptateur-vmb-1.jpg",,,,,,,,,57,,,0,,0,0,always_visible,month,1,0,0,available,150,customer,day,1,1,,0,0,1,1,0,,month,12,5,2,day,1,1,1,"[{""block_cost"":""150"",""cost"":0,""description"":"""",""max"":""2"",""min"":""1"",""name"":""Quantit\u00e9"",""parent_id"":489,""sort_order"":0}]",,2,0,,,,,customer,,0,,,,
490,booking,479,,"VMB Pied de levage TE-074",1,0,visible,"'- H mini : 1,74 m- H maxi : 5,35 m- Charge maxi : 250 kg- Charge mini : 25 kg- Poids : 91 kg- Embase : 2,10 m x 2,10 m- Roues : 4 Roulettes libres pour le transport du pied replié- Diamètre tête : 55 mm- Sécurité : ALS (Auto Lock Security System)- Certification : BGV C1 (GUV-VC1) - CE 89/392 EWG- Treuil : 900 kg de charge maximale avec frein automatique Certifié GS TUV- Câble : Acier DIN 3060 180 Kg/mm2 anti torsion / Ø 6 mm- Vérins réglables équipés de disques antidérapants- Niveau à bulle afin de vérifier la verticalité du pied- Protection et finition en polyester noir- Matière : profils d’acier DIN 2394Location sur demande ou via nos <a style=""text-decoration: underline !important;"" href=""https://vsonus.ch/prestation/scenes/"">packs scènes ou concerts</a>",,,,taxable,,1,,,0,0,,,,,0,,,,"Système de levage",,,https://vsonus.ch/wp-content/uploads/2025/02/Pied-de-levage-TE-074-DCpliC.png,,,,,,,,,58,,,0,,0,0,always_visible,month,1,0,0,available,150,customer,day,1,1,,0,0,1,1,0,,month,12,5,4,day,1,1,1,"[{""block_cost"":""150"",""cost"":0,""description"":"""",""max"":""4"",""min"":""1"",""name"":""Quantit\u00e9"",""parent_id"":490,""sort_order"":0}]",,4,0,,,,,customer,,0,,,,
491,booking,480,,"GIS Palan LP-500",1,0,visible,"Capacité de charge 800 kg en D8 / 500 kg en D8+Vitesse de levage 4 m/min ou 8m/minClasse FEM 1BmClasse d'isolation FNiveau sonore enfonctionnement 60 dBA à 1mPuissance du moteur 0.55 kW en version 4m/min ou 0.72 kW en version8m/minCaractéristique de la chaîneDimensions de la chaîne Poids approx. de la chaîne 5.25 x 15mm0.69 kg par mètreCaractéristiques électriques du palanConsommation (pleine charge) 1.8 ACaractéristiques physiquesPoids 22 kg en D8 / 23 kg en D8+Classe IP IP65Caractéristiques du crochetOuverture du crochet 24 mmLocation sur demande ou via nos <a style=""text-decoration: underline !important;"" href=""https://vsonus.ch/prestation/scenes/"">packs scènes ou concerts</a>",,,,taxable,,1,,,0,0,,,,,0,,,,"Système de levage",,,"https://vsonus.ch/wp-content/uploads/2025/02/Treuil-GIS-LP-500-FACE.png, https://vsonus.ch/wp-content/uploads/2025/02/Treuil-GIS-LP-500-COTES.png, https://vsonus.ch/wp-content/uploads/2025/02/Treuil-GIS-LP-500-MOUILLE.png",,,,,,,,,59,,,0,,0,0,always_visible,month,1,0,0,available,150,customer,day,1,1,,0,0,1,1,0,,month,12,5,2,day,1,1,1,"[{""block_cost"":""150"",""cost"":0,""description"":"""",""max"":""2"",""min"":""1"",""name"":""Quantit\u00e9"",""parent_id"":491,""sort_order"":0}]",,2,0,,,,,customer,,0,,,,
534,booking,,,"Pack Sono S",1,0,visible,"Événements privés / entreprise<strong>50-100 personnes</strong>2x Haut-parleur A151x Amplificateur LA4X1x Console de mixage Yamaha DM31x Boitier de scène Yamaha TIO1608-D22x Pieds pour Haut-Parleur K&amp;M2x Embase Haut-Parleur A-MOUNT<strong>Tarif pour un événement</strong>",,,,taxable,,1,,,0,0,,,,,0,,,,"Packs Sonorisation",,,https://vsonus.ch/wp-content/uploads/2025/04/products-image-v-sonus-01.png,,,,,,,,,60,,,0,,0,1,always_visible,month,1,1,0,available,800,customer,day,1,1,,0,0,1,1,0,,month,12,5,1,day,1,1,1,"[{""block_cost"":""800"",""cost"":0,""description"":"""",""max"":""1"",""min"":""1"",""name"":""Quantit\u00e9"",""parent_id"":534,""sort_order"":0}]",,1,0,,,,,customer,,0,,,,
546,booking,,,"Pack Sono M",1,0,visible,"Adapté pour : Événements privés / Entreprise / Mariages<strong>100-200 personnes</strong>2x Haut-parleur A152x Renfort de graves KS211x Amplificateur LA4X1x Console de mixage Yamaha DM31x Boitier de scène Yamaha TIO1608-D22x Pieds pour Haut-Parleur K&amp;M2x Embase Haut-Parleur A-MOUNT1x Limiteur Drawner SP2120",,,,taxable,,1,,,0,0,,,,,0,,,,"Packs Sonorisation",,,https://vsonus.ch/wp-content/uploads/2025/04/products-image-v-sonus-02.png,,,,,,,,,61,,,0,,0,1,always_visible,month,1,1,0,available,1000,customer,day,1,1,,0,0,1,1,0,,month,12,5,1,day,1,1,1,"[{""block_cost"":""1000"",""cost"":0,""description"":"""",""max"":""1"",""min"":""1"",""name"":""Quantit\u00e9"",""parent_id"":546,""sort_order"":0}]",,1,0,,,,,customer,,0,,,,
549,booking,,,"Pack Sono L",1,0,visible,"Adapté pour : Événements privés / Entreprise / Mariages<strong>200-500 personnes</strong>4x Haut-parleur A154x Renfort de graves KS212x Amplificateur LA4X1x Console de mixage Yamaha DM31x Boitier de scène Yamaha TIO1608-D22x Élévateur pour A15 A-STACK4x Barres de stabilisation pour KS211x Limiteur Drawner SP2120",,,,taxable,,1,,,0,0,,,,,0,,,,"Packs Sonorisation",,,https://vsonus.ch/wp-content/uploads/2025/04/products-image-v-sonus-03.png,,,,,,,,,62,,,0,,0,1,always_visible,month,1,1,0,available,1500,customer,day,1,1,,0,0,1,1,0,,month,12,5,1,day,1,1,1,"[{""block_cost"":""1500"",""cost"":0,""description"":"""",""max"":""1"",""min"":""1"",""name"":""Quantit\u00e9"",""parent_id"":549,""sort_order"":0}]",,1,0,,,,,customer,,0,,,,
551,booking,,,"Pack Sono XL",1,0,visible,"Adapté pour : Événements privés / Entreprise / Mariages<strong>1000-1500 personnes</strong>6x Haut-parleur A156x Renfort de graves KS213x Amplificateur LA4X1x Console de mixage Yamaha DM31x Boitier de scène Yamaha TIO1608-D22x Pied de levage ou treuil2x Cadre pour le déploiement vertical de l'A15 A-BUMP4x Adaptateur Fixation Line Array1x Limiteur Drawner SP2120<em>Image illustrative</em>",,,,taxable,,1,,,0,0,,,,,0,,,,"Packs Sonorisation",,,https://vsonus.ch/wp-content/uploads/2025/04/products-image-v-sonus-04.png,,,,,,,,,63,,,0,,0,1,always_visible,month,1,1,0,available,2000,customer,day,1,1,,0,0,1,1,0,,month,12,5,1,day,1,1,1,"[{""block_cost"":""2000"",""cost"":0,""description"":"""",""max"":""1"",""min"":""1"",""name"":""Quantit\u00e9"",""parent_id"":551,""sort_order"":0}]",,1,0,,,,,customer,,0,,,,
553,booking,,,"Pack Sono XXL",1,0,visible,"Adapté pour : Événements privés / Entreprise / Mariages<strong>1000-1500 personnes</strong>4x Haut-parleur A154x Renfort de graves KS212x Amplificateur LA4X1x Console de mixage Yamaha DM31x Boitier de scène Yamaha TIO1608-D22x Pied de levage ou treuil2x Cadre pour le déploiement vertical de l'A15 A-BUMP4x Adaptateur Fixation Line Array1x Limiteur Drawner SP21201x Livraison et Installation<em>Image illustrative</em>",,,,taxable,,1,,,0,0,,,,,0,,,,"Packs Sonorisation",,,https://vsonus.ch/wp-content/uploads/2025/04/products-image-v-sonus-05.png,,,,,,,,,64,,,0,,0,1,always_visible,month,1,1,0,available,2470,customer,day,1,1,,0,0,1,1,0,,month,12,5,1,day,1,1,1,"[{""block_cost"":""2470"",""cost"":0,""description"":"""",""max"":""1"",""min"":""1"",""name"":""Quantit\u00e9"",""parent_id"":553,""sort_order"":0}]",,1,0,,,,,customer,,0,,,,
555,booking,,,"Pack Sono MAX",1,0,visible,"Adapté pour : Événements privés / Entreprise / Mariages<strong>1500-2000 personnes</strong>8x Haut-parleur A158x Renfort de graves KS214x Amplificateur LA4X1x Console de mixage Yamaha DM31x Boitier de scène Yamaha TIO1608-D22x Pied de levage ou treuil2x Cadre pour le déploiement vertical de l'A15 A-BUMP4x Adaptateur Fixation Line Array1x Limiteur Drawner SP2120<em>Image illustrative</em>",,,,taxable,,1,,,0,0,,,,,0,,,,"Packs Sonorisation",,,https://vsonus.ch/wp-content/uploads/2025/04/products-image-v-sonus.png,,,,,,,,,65,,,0,,0,1,always_visible,month,1,1,0,available,2940,customer,day,1,1,,0,0,1,1,0,,month,12,5,1,day,1,1,1,"[{""block_cost"":""2940"",""cost"":0,""description"":"""",""max"":""1"",""min"":""1"",""name"":""Quantit\u00e9"",""parent_id"":555,""sort_order"":0}]",,1,0,,,,,customer,,0,,,,
572,booking,,,"DJ Pack M",1,0,visible,"Adapté pour : Événement Privé / Entreprise / Mariage<strong>100-200 personnes</strong>2x Haut-parleur A152x Renfort de graves KS211x Amplificateur LA4X1x Console de mixage Yamaha DM31x Boitier de scène Yamaha TIO1608-D21x Limiteur Drawner SP21201x Table de mixage Pionner DJM 750 MK22x Platine de mixage XDJ 1000 MK22x Haut-parleur Retour RCF NX 912-A4x Pieds pour Haut-parleur K&amp;M1x Table pour table de mixage Pionner1x Table pour Console de mixage2x Stageworx Praticable de scène 2x1",,,,taxable,,1,,,0,0,,,,,0,,,,"Packs DJ",,,https://vsonus.ch/wp-content/uploads/2025/01/photo_2024-12-04-13.01.40.jpeg,,,,,,,,,66,,,0,,0,1,always_visible,month,1,1,0,available,1450,customer,day,1,1,,0,0,1,1,0,,month,12,5,1,day,1,1,1,"[{""block_cost"":""1450.03"",""cost"":0,""description"":"""",""max"":""1"",""min"":""1"",""name"":""Quantit\u00e9"",""parent_id"":572,""sort_order"":0}]",,1,0,,,,,customer,,0,,,,
573,booking,,,"DJ Pack L",1,0,visible,"Adapté pour : Événement Privé / Entreprise / Mariage<strong>200 - 500 personnes</strong>4x Haut-parleur A154x Renfort de graves KS212x Amplificateur LA4X1x Console de mixage Yamaha DM31x Boitier de scène Yamaha TIO1608-D22x Élévateur pour A15 A-STACK4x Barres de stabilisation pour KS211x Limiteur Drawner SP21201x Table de mixage Pionner DJM 750 MK22x Platine de mixage XDJ 1000 MK22x Haut-parleur Retour RCF NX 912-A1x Renfort de grave Retour QSC KS1182x Pieds pour Haut-parleur Retour K&amp;M1x Table pour Table de mixage Pionner1x Table pour Console de mixage2x Stageworx Praticable de scène 2x1",,,,taxable,,1,,,0,0,,,,,0,,,,"Packs DJ",,,https://vsonus.ch/wp-content/uploads/2025/01/image-4.jpeg,,,,,,,,,67,,,0,,0,1,always_visible,month,1,1,0,available,2020,customer,day,1,1,,0,0,1,1,0,,month,12,5,1,day,1,1,1,"[{""block_cost"":""2020"",""cost"":0,""description"":"""",""max"":""1"",""min"":""1"",""name"":""Quantit\u00e9"",""parent_id"":573,""sort_order"":0}]",,1,0,,,,,customer,,0,,,,
575,booking,,,"DJ Pack XL",1,0,visible,"Adapté pour : Événement Privé / Entreprise / Mariage / Petit festival<strong>500-1000 personnes</strong>6x Haut-parleur A156x Renfort de graves KS213x Amplificateur LA4X1x Console de mixage Yamaha DM31x Boitier de scène Yamaha TIO1608-D22x GIS Palan LP-5002x Cadre pour le déploiement vertical de l'A15 A-BUMP4x Adaptateur Fixation Line Array1x Limiteur Drawner SP21201x Table de mixage Pionner DJM 750 MK22x Platine de mixage XDJ 1000 MK22x Haut-parleur Retour RCF NX 912-A1x Renfort de grave Retour QSC KS1182x Pieds pour Haut-parleur Retour K&amp;M1x Table pour Table de mixage Pionner1x Table pour Console de mixage4x Global Truss F33200 Truss 2,0 m2x VMB Pied de levage TE-0742x Stageworx Praticable de scène 2x1",,,,taxable,,1,,,0,0,,,,,0,,,,"Packs DJ",,,https://vsonus.ch/wp-content/uploads/2025/01/image-3.jpeg,,,,,,,,,68,,,0,,0,1,always_visible,month,1,1,0,available,2700,customer,day,1,1,,0,0,1,1,0,,month,12,5,1,day,1,1,1,"[{""block_cost"":""2700"",""cost"":0,""description"":"""",""max"":""1"",""min"":""1"",""name"":""Quantit\u00e9"",""parent_id"":575,""sort_order"":0}]",,1,0,,,,,customer,,0,,,,
576,booking,,,"DJ Pack XXL",1,0,visible,"Adapté pour : Événement Privé / Entreprise / Mariage / Petit festival<strong>1000-1500 personnes</strong>6x Haut-parleur A156x Renfort de graves KS213x Amplificateur LA4X1x Console de mixage Yamaha DM31x Boitier de scène Yamaha TIO1608-D22x GIS Palan LP-5002x Cadre pour le déploiement vertical de l'A15 A-BUMP4x Adaptateur Fixation Line Array1x Limiteur Drawner SP21201x Table de mixage Pionner DJM 750 MK22x Platine de mixage XDJ 1000 MK22x Haut-parleur Retour RCF NX 912-A1x Renfort de grave Retour QSC KS1182x Pieds pour Haut-parleur Retour K&amp;M1x Table pour Table de mixage Pionner1x Table pour Console de mixage4x Global Truss F33200 Truss 2,0 m2x VMB Pied de levage TE-0742x Stageworx Praticable de scène 2x1",,,,taxable,,1,,,0,0,,,,,0,,,,"Packs DJ",,,https://vsonus.ch/wp-content/uploads/2025/04/WhatsApp-Image-2025-04-08-at-20.06.16.jpeg,,,,,,,,,69,,,0,,0,1,always_visible,month,1,1,0,available,3170,customer,day,1,1,,0,0,1,1,0,,month,12,5,1,day,1,1,1,"[{""block_cost"":""3170"",""cost"":0,""description"":"""",""max"":""1"",""min"":""1"",""name"":""Quantit\u00e9"",""parent_id"":576,""sort_order"":0}]",,1,0,,,,,customer,,0,,,,
577,booking,,,"DJ Pack MAX",1,0,visible,"Adapté pour : Événement Privé / Petit festival<strong>1500-2000 personnes</strong>8x Haut-parleur A158x Renfort de graves KS214x Amplificateur LA4X1x Console de mixage Yamaha DM31x Boitier de scène Yamaha TIO1608-D22x VMB Pied de levage Line Array TL-A3002x Cadre pour le déploiement vertical de l'A15 A-BUMP4x Adaptateur Fixation Line Array1x Limiteur Drawner SP21201x Table de mixage Pionner DJM 750 MK22x Platine de mixage XDJ 1000 MK22x Haut-parleur Retour RCF NX 912-A1x Renfort de grave Retour QSC KS1182x Pieds pour Haut-parleur Retour K&amp;M2x Haut-parleur Front Fill RCF NX 912-A1x Table pour Table de mixage Pionner1x Table pour Console de mixage2x Stageworx Praticable de scène 2x1",,,,taxable,,1,,,0,0,,,,,0,,,,"Packs DJ",,,https://vsonus.ch/wp-content/uploads/2025/01/image-1.jpeg,,,,,,,,,70,,,0,,0,1,always_visible,month,1,1,0,available,3560,customer,day,1,1,,0,0,1,1,0,,month,12,5,1,day,1,1,1,"[{""block_cost"":""4110"",""cost"":0,""description"":"""",""max"":""1"",""min"":""1"",""name"":""Quantit\u00e9"",""parent_id"":577,""sort_order"":0}]",,1,0,,,,,customer,,0,,,,
597,booking,,,"Pack Tout-en-un",1,0,visible,"Adapté pour : Événement Privé / Moyen festival<strong>1500 - 2000 personnes</strong><em>Image non-représentative</em><strong>Sonorisation</strong><ul> 	<li>8x Haut-parleur A15</li> 	<li>8x Renfort de graves KS21</li> 	<li>4x Amplificateur LA4X</li> 	<li>1x Console de mixage Yamaha DM3</li> 	<li>1x Boitier de scène Yamaha TIO1608-D2</li> 	<li>2x Pied de levage ou treuil</li> 	<li>2x Cadre pour le déploiement vertical de l'A15 A-BUMP</li> 	<li>4x Adaptateur Fixation Line Array</li> 	<li>1x Limiteur Drawner SP2120</li> 	<li>1x Table de mixage Pionner DJM 750 MK2</li> 	<li>2x Platine de mixage XDJ 1000 MK2</li> 	<li>2x Haut-parleur Retour RCF NX 912-A</li> 	<li>2x Pieds pour Haut-parleur K&amp;M</li> 	<li>1x Renfort de grave Retour QSC KS118</li> 	<li>2x Haut-parleur Front Fill RCF NX 912-A</li> 	<li>20x Passes-câbles 100x20 à deux canaux</li> 	<li>1x Table pour Table de mixage Pionner</li> 	<li>1x Table pour Console de mixage</li> 	<li>1x Livraison et Installation</li></ul><strong>Scène</strong><ul> 	<li>1x Structures et bâches toit et cotés</li> 	<li>4x VMB Pied de levage TE-074</li> 	<li>6x Stageworx Praticable de scène 2x1</li> 	<li>1x Livraison et Installation</li></ul><strong>Éclairage</strong><ul> 	<li>1x Thunder® Wash 600 Canon UV LED</li> 	<li>4x Lyres Pro Wash IP65</li> 	<li>10x Par Vartec LED Typhoon IP65</li> 	<li>4x Barre Stairville Show LED Pro IP65</li> 	<li>1x Régie Wolfmix W1 Mk2</li> 	<li>1x Livraison et Installation</li></ul>",,,,taxable,,1,,,0,0,,,,,0,,,,"Pack Tout-en-un, Packs Concert",,,https://vsonus.ch/wp-content/uploads/2025/04/Pack-tout-en-un.png,,,,,,,,,71,,,0,,0,1,always_visible,month,1,1,0,available,7260,customer,day,1,1,,0,0,1,1,0,,month,12,5,1,day,1,1,1,"[{""block_cost"":""7260"",""cost"":0,""description"":"""",""max"":""1"",""min"":""1"",""name"":""Quantit\u00e9"",""parent_id"":597,""sort_order"":0}]",,1,0,,,,,customer,,0,,,,
583,booking,,,"Pack Concert M",1,0,visible,"Adapté pour : Événement Privé / Petit festival<strong>100-200 personnes</strong>2x Haut-parleur A152x Renfort de graves KS211x Amplificateur LA4X1x Console de mixage Yamaha DM31x Boitier de scène Yamaha TIO1608-D21x Limiteur Drawner SP212010x Micro Shure et Pied8x DI Actif et Passif2x Haut-parleur Retour RCF NX 912-A4x Pieds pour Haut-parleurs k&m 1x Table pour Console de mixage1x Livraison et Installation",,,,taxable,,1,,,0,0,,,,,0,,,,"Packs Concert",,,https://vsonus.ch/wp-content/uploads/2025/04/image-6.jpeg,,,,,,,,,72,,,0,,0,1,always_visible,month,1,1,0,available,1390,customer,day,1,1,,0,0,1,1,0,,month,12,5,1,day,1,1,1,"[{""block_cost"":""1390"",""cost"":0,""description"":"""",""max"":""1"",""min"":""1"",""name"":""Quantit\u00e9"",""parent_id"":583,""sort_order"":0}]",,1,0,,,,,customer,,0,,,,
589,booking,,,"Pack Concert L",1,0,visible,"Adapté pour : Événement Privé / Petit festival<strong>200-500 personnes</strong>4x Haut-parleur A154x Renfort de graves KS212x Amplificateur LA4X1x Console de mixage Yamaha DM31x Boitier de scène Yamaha TIO1608-D22x Élévateur pour A15 A-STACK4x Barres de stabilisation pour KS211x Limiteur Drawner SP212010x Micro Shure et Pied8x DI Actif et Passif2x Haut-parleur Retour RCF NX 912-A2x Pieds pour Haut-parleur Retour K&amp;M1x Table pour Console de mixage1x Livraison et Installation",,,,taxable,,1,,,0,0,,,,,0,,,,"Packs Concert",,,https://vsonus.ch/wp-content/uploads/2025/01/photo_2024-12-04-13.01.55-1.jpeg,,,,,,,,,73,,,0,,0,1,always_visible,month,1,1,0,available,2160,customer,day,1,1,,0,0,1,1,0,,month,12,5,1,day,1,1,1,"[{""block_cost"":""2160"",""cost"":0,""description"":"""",""max"":""1"",""min"":""1"",""name"":""Quantit\u00e9"",""parent_id"":589,""sort_order"":0}]",,1,0,,,,,customer,,0,,,,
590,booking,,,"Pack Concert XL",1,0,visible,"Adapté pour : Événement Privé / Entreprise / Petit festival<strong>500-1000 personnes</strong>6x Haut-parleur A156x Renfort de graves KS213x Amplificateur LA4X1x Console de mixage Yamaha DM31x Boitier de scène Yamaha TIO1608-D22x GIS Palan LP-5002x Cadre pour le déploiement vertical de l'A15 A-BUMP4x Adaptateur Fixation Line Array1x Limiteur Drawner SP212010x Micro Shure et Pied8x DI Actif et Passif2x Haut-parleur Retour RCF NX 912-A2x Pieds pour Haut-parleur Retour K&amp;M1x Table pour Console de mixage4x Global Truss F33200 Truss 2,0 m2x VMB Pied de levage TE-0741x Livraison et Installation",,,,taxable,,1,,,0,0,,,,,0,,,,"Packs Concert",,,https://vsonus.ch/wp-content/uploads/2025/04/compressed_DSC09781.jpg,,,,,,,,,74,,,0,,0,1,always_visible,month,1,1,0,available,3240,customer,day,1,1,,0,0,1,1,0,,month,12,5,1,day,1,1,1,"[{""block_cost"":""3240"",""cost"":0,""description"":"""",""max"":""1"",""min"":""1"",""name"":""Quantit\u00e9"",""parent_id"":590,""sort_order"":0}]",,1,0,,,,,customer,,0,,,,
591,booking,,,"Pack Concert XXL",1,0,visible,"Adapté pour : Événement Privé / Moyen festival<strong>1000-1500 personnes</strong>6x Haut-parleur A156x Renfort de graves KS213x Amplificateur LA4X1x Console de mixage Yamaha DM31x Boitier de scène Yamaha TIO1608-D22x GIS Palan LP-5002x Cadre pour le déploiement vertical de l'A15 A-BUMP4x Adaptateur Fixation Line Array1x Limiteur Drawner SP212010x Micro Shure et Pied8x DI Actif et Passif2x Haut-parleur Retour RCF NX 912-A2x Pieds pour Haut-parleur Retour K&amp;M1x Table pour Console de mixage4x Global Truss F33200 Truss 2,0 m2x VMB Pied de levage TE-0741x Livraison et Installation",,,,taxable,,1,,,0,0,,,,,0,,,,"Packs Concert",,,https://vsonus.ch/wp-content/uploads/2025/01/DSC01638.jpg,,,,,,,,,75,,,0,,0,1,always_visible,month,1,1,0,available,3810,customer,day,1,1,,0,0,1,1,0,,month,12,5,1,day,1,1,1,"[{""block_cost"":""3810"",""cost"":0,""description"":"""",""max"":""1"",""min"":""1"",""name"":""Quantit\u00e9"",""parent_id"":591,""sort_order"":0}]",,1,0,,,,,customer,,0,,,,
592,booking,,,"Pack Concert MAX",1,0,visible,"Adapté pour : Événement Privé / Moyen festival<strong>1500 - 2000 personnes</strong>8x Haut-parleur A158x Renfort de graves KS214x Amplificateur LA4X1x Console de mixage Yamaha DM31x Boitier de scène Yamaha TIO1608-D22x VMB Pied de levage Line Array TL-A3002x Cadre pour le déploiement vertical de l'A15 A-BUMP4x Adaptateur Fixation Line Array1x Limiteur Drawner SP212010x Micro Shure et Pied8x DI Actif et Passif2x Haut-parleur Retour RCF NX 912-A2x Pieds pour Haut-parleur Retour K&amp;M2x Haut-parleur Front Fill RCF NX 912-A1x Table pour Console de mixage1x Livraison et Installation",,,,taxable,,1,,,0,0,,,,,0,,,,"Packs Concert",,,https://vsonus.ch/wp-content/uploads/2025/01/image-5.jpeg,,,,,,,,,76,,,0,,0,1,always_visible,month,1,1,0,available,4050,customer,day,1,1,,0,0,1,1,0,,month,12,5,1,day,1,1,1,"[{""block_cost"":""4050"",""cost"":0,""description"":"""",""max"":""1"",""min"":""1"",""name"":""Quantit\u00e9"",""parent_id"":592,""sort_order"":0}]",,1,0,,,,,customer,,0,,,,
557,booking,,,"Pack Scène 6x6",1,0,visible,"1x Structures et bâches toit et cotés4x VMB Pied de levage TE-0746x Stageworx Praticable de scène 2x1<em>Image illustrative</em>",,,,taxable,,1,,,0,0,,,,,0,,,,"Packs Scène",,,https://vsonus.ch/wp-content/uploads/2025/01/compressed_DSC09688.jpg,,,,,,,,,77,,,0,,0,1,always_visible,month,1,1,0,available,2010,customer,day,1,1,,0,0,1,1,0,,month,12,5,1,day,1,1,1,"[{""block_cost"":""2010"",""cost"":0,""description"":"""",""max"":""1"",""min"":""1"",""name"":""Quantit\u00e9"",""parent_id"":557,""sort_order"":0}]",,1,0,,,,,customer,,0,,,,
559,booking,,,"Pack Structure Line Array",1,0,visible,"2x VMB Pied de levage TE-0744x Global Truss F33200 Truss 2,0 m2x GIS Palan LP-500Elingue Fixation Palan<em>Image illustrative</em>",,,,taxable,,1,,,0,0,,,,,0,,,,"Packs Scène",,,https://vsonus.ch/wp-content/uploads/2025/01/DSC01634.jpg,,,,,,,,,78,,,0,,0,1,always_visible,month,1,1,0,available,700,customer,day,1,1,,0,0,1,1,0,,month,12,5,1,day,1,1,1,"[{""block_cost"":""700"",""cost"":0,""description"":"""",""max"":""1"",""min"":""1"",""name"":""Quantit\u00e9"",""parent_id"":559,""sort_order"":0}]",,1,0,,,,,customer,,0,,,,
560,booking,,,"Pack Light S",1,0,visible,"Adapté pour : Événements privés / Entreprise<strong>50-100 personnes</strong>2x Barre d’effets LED + Laser + Multi Strobe + Trépied",,,,taxable,,1,,,0,0,,,,,0,,,,"Packs Éclairage",,,https://vsonus.ch/wp-content/uploads/2025/04/pack-light-s.png,,,,,,,,,79,,,0,,0,1,always_visible,month,1,1,0,available,120,customer,day,1,1,,0,0,1,1,0,,month,12,5,1,day,1,1,1,"[{""block_cost"":""120"",""cost"":0,""description"":"""",""max"":""1"",""min"":""1"",""name"":""Quantit\u00e9"",""parent_id"":560,""sort_order"":0}]",,1,0,,,,,customer,,0,,,,
561,booking,,,"Pack Light M",1,0,visible,"Adapté pour : Événements privés / Entreprise / Mariage<strong>100-200 personnes</strong>1x Thunder® Wash 600 Canon UV LED2x Lyres Pro Wash IP654x Par Vartec LED Typhoon IP651x Barre Stairville Show LED Pro IP651x Régie Wolfmix W1 Mk2",,,,taxable,,1,,,0,0,,,,,0,,,,"Packs Éclairage",pack-light-m,,https://vsonus.ch/wp-content/uploads/2025/04/Pack-M.png,,,,,,,,,80,,,0,,0,1,always_visible,month,1,1,0,available,350,customer,day,1,1,,0,0,1,1,0,,month,12,5,1,day,1,1,1,"[{""block_cost"":""350"",""cost"":0,""description"":"""",""max"":""1"",""min"":""1"",""name"":""Quantit\u00e9"",""parent_id"":561,""sort_order"":0}]",,1,0,,,,,customer,,0,,,,
562,booking,,,"Pack Light L",1,0,visible,"Adapté pour : Événements privés / Entreprise / Mariage / Petit Festival<strong>200-500 personnes</strong>1x Thunder® Wash 600 Canon UV LED2x Lyres Pro Wash IP656x Par Vartec LED Typhoon IP652x Barre Stairville Show LED Pro IP651x Régie Wolfmix W1 Mk2",,,,taxable,,1,,,0,0,,,,,0,,,,"Packs Éclairage",pack-light-l,,https://vsonus.ch/wp-content/uploads/2025/04/Pack-L.png,,,,,,,,,81,,,0,,0,1,always_visible,month,1,1,0,available,460,customer,day,1,1,,0,0,1,1,0,,month,12,5,1,day,1,1,1,"[{""block_cost"":""460"",""cost"":0,""description"":"""",""max"":""1"",""min"":""1"",""name"":""Quantit\u00e9"",""parent_id"":562,""sort_order"":0}]",,1,0,,,,,customer,,0,,,,
566,booking,,,"Pack Light XL",1,0,visible,"Adapté pour : Événements privés / Petit Festival<strong>500-1000 personnes</strong>1x Thunder® Wash 600 Canon UV LED3x Lyres Pro Wash IP658x Par Vartec LED Typhoon IP653x Barre Stairville Show LED Pro IP651x Régie Wolfmix W1 Mk2",,,,taxable,,1,,,0,0,,,,,0,,,,"Packs Éclairage",pack-light-xl,,https://vsonus.ch/wp-content/uploads/2025/04/Pack-XL.png,,,,,,,,,82,,,0,,0,1,always_visible,month,1,1,0,available,620,customer,day,1,1,,0,0,1,1,0,,month,12,5,1,day,1,1,1,"[{""block_cost"":""620"",""cost"":0,""description"":"""",""max"":""1"",""min"":""1"",""name"":""Quantit\u00e9"",""parent_id"":566,""sort_order"":0}]",,1,0,,,,,customer,,0,,,,
569,booking,,,"Pack Light XXL",1,0,visible,"Adapté pour : Événements privés / Moyen Festival<strong>1500-2000 personnes</strong>1x Thunder® Wash 600 Canon UV LED4x Lyres Pro Wash IP6510x Par Vartec LED Typhoon IP654x Barre Stairville Show LED Pro IP651x Régie Wolfmix W1 Mk2",,,,taxable,,1,,,0,0,,,,,0,,,,"Packs Éclairage",pack-light-xxl,,https://vsonus.ch/wp-content/uploads/2025/04/Pack-XXL.png,,,,,,,,,83,,,0,,0,1,always_visible,month,1,1,0,available,780,customer,day,1,1,,0,0,1,1,0,,month,12,5,1,day,1,1,1,"[{""block_cost"":""780"",""cost"":0,""description"":"""",""max"":""1"",""min"":""1"",""name"":""Quantit\u00e9"",""parent_id"":569,""sort_order"":0}]",,1,0,,,,,customer,,0,,,,
571,booking,,,"Pack Mapping",1,0,visible,"Panasonic VMZ-61Kramer TP-780Txr HDBaseT Transmitter + Câble HDMICâble combiné KAT 6A U/FTP pour la vidéo et le LANRiggatec Beamer Universel<em>Image illustrative</em>",,,,taxable,,1,,,0,0,,,,,0,,,,"Packs Mapping",pack-mapping,,https://vsonus.ch/wp-content/uploads/2025/04/pack-mapping.png,,,,,,,,,84,,,0,,0,1,always_visible,month,1,1,0,available,300,customer,day,1,1,,0,0,1,1,0,,month,12,5,1,day,1,1,1,"[{""block_cost"":""300"",""cost"":0,""description"":"""",""max"":""1"",""min"":""1"",""name"":""Quantit\u00e9"",""parent_id"":571,""sort_order"":0}]",,1,0,,,,,customer,,0,,,,
